Year,Flow,Category,Product,Month,Value_000_MT
2023-24,IMPORT,CRUDE OIL,Crude Oil,APRIL,19996.87733026
2023-24,IMPORT,CRUDE OIL,Crude Oil,MAY,20705.224408844
2023-24,IMPORT,CRUDE OIL,Crude Oil,JUNE,19879.169660503
2023-24,IMPORT,CRUDE OIL,Crude Oil,JULY,19507.576904014
2023-24,IMPORT,CRUDE OIL,Crude Oil,AUGUST,19090.547153690997
2023-24,IMPORT,CRUDE OIL,Crude Oil,SEPTEMBER,17502.259847149002
2023-24,IMPORT,CRUDE OIL,Crude Oil,OCTOBER,18729.100481555004
2023-24,IMPORT,CRUDE OIL,Crude Oil,NOVEMBER,18593.105322284002
2023-24,IMPORT,CRUDE OIL,Crude Oil,DECEMBER,19683.287084798
2023-24,IMPORT,CRUDE OIL,Crude Oil,JANUARY,21515.213700792003
2023-24,IMPORT,CRUDE OIL,Crude Oil,FEBRUARY,18244.024119147998
2023-24,IMPORT,CRUDE OIL,Crude Oil,MARCH,20815.1935600399
2023-24,IMPORT,CRUDE OIL,Crude Oil,TOTAL,234261.5795730779
2023-24,IMPORT,PRODUCT,LPG,APRIL,1004.249689
2023-24,IMPORT,PRODUCT,LPG,MAY,1448.883918
2023-24,IMPORT,PRODUCT,LPG,JUNE,1320.24564
2023-24,IMPORT,PRODUCT,LPG,JULY,1365.6082860000001
2023-24,IMPORT,PRODUCT,LPG,AUGUST,1570.286139
2023-24,IMPORT,PRODUCT,LPG,SEPTEMBER,1619.505865
2023-24,IMPORT,PRODUCT,LPG,OCTOBER,1915.601373
2023-24,IMPORT,PRODUCT,LPG,NOVEMBER,1721.4829590000002
2023-24,IMPORT,PRODUCT,LPG,DECEMBER,1564.599827
2023-24,IMPORT,PRODUCT,LPG,JANUARY,1644.5235140000002
2023-24,IMPORT,PRODUCT,LPG,FEBRUARY,1749.793064
2023-24,IMPORT,PRODUCT,LPG,MARCH,1589.4170080000001
2023-24,IMPORT,PRODUCT,LPG,TOTAL,18514.197282
2023-24,IMPORT,PRODUCT,MS,APRIL,0.003211
2023-24,IMPORT,PRODUCT,MS,MAY,0.004736
2023-24,IMPORT,PRODUCT,MS,JUNE,145.885544
2023-24,IMPORT,PRODUCT,MS,JULY,0.0
2023-24,IMPORT,PRODUCT,MS,AUGUST,149.297587
2023-24,IMPORT,PRODUCT,MS,SEPTEMBER,151.146637
2023-24,IMPORT,PRODUCT,MS,OCTOBER,199.77694400000001
2023-24,IMPORT,PRODUCT,MS,NOVEMBER,71.282899
2023-24,IMPORT,PRODUCT,MS,DECEMBER,0.0
2023-24,IMPORT,PRODUCT,MS,JANUARY,0.0
2023-24,IMPORT,PRODUCT,MS,FEBRUARY,0.000762
2023-24,IMPORT,PRODUCT,MS,MARCH,0.002697
2023-24,IMPORT,PRODUCT,MS,TOTAL,717.4010170000001
2023-24,IMPORT,PRODUCT,Naphtha,APRIL,56.88165
2023-24,IMPORT,PRODUCT,Naphtha,MAY,33.166741
2023-24,IMPORT,PRODUCT,Naphtha,JUNE,189.084447
2023-24,IMPORT,PRODUCT,Naphtha,JULY,38.498307999999994
2023-24,IMPORT,PRODUCT,Naphtha,AUGUST,113.729923
2023-24,IMPORT,PRODUCT,Naphtha,SEPTEMBER,154.03360500000002
2023-24,IMPORT,PRODUCT,Naphtha,OCTOBER,250.120059
2023-24,IMPORT,PRODUCT,Naphtha,NOVEMBER,114.523843
2023-24,IMPORT,PRODUCT,Naphtha,DECEMBER,200.733816
2023-24,IMPORT,PRODUCT,Naphtha,JANUARY,55.99956
2023-24,IMPORT,PRODUCT,Naphtha,FEBRUARY,1.9663
2023-24,IMPORT,PRODUCT,Naphtha,MARCH,2.0396870000000002
2023-24,IMPORT,PRODUCT,Naphtha,TOTAL,1210.7779389999998
2023-24,IMPORT,PRODUCT,ATF,APRIL,0.0
2023-24,IMPORT,PRODUCT,ATF,MAY,0.0
2023-24,IMPORT,PRODUCT,ATF,JUNE,0.0
2023-24,IMPORT,PRODUCT,ATF,JULY,0.0
2023-24,IMPORT,PRODUCT,ATF,AUGUST,0.00235
2023-24,IMPORT,PRODUCT,ATF,SEPTEMBER,0.0
2023-24,IMPORT,PRODUCT,ATF,OCTOBER,0.0
2023-24,IMPORT,PRODUCT,ATF,NOVEMBER,0.0
2023-24,IMPORT,PRODUCT,ATF,DECEMBER,0.0
2023-24,IMPORT,PRODUCT,ATF,JANUARY,0.0
2023-24,IMPORT,PRODUCT,ATF,FEBRUARY,0.0
2023-24,IMPORT,PRODUCT,ATF,MARCH,0.0
2023-24,IMPORT,PRODUCT,ATF,TOTAL,0.00235
2023-24,IMPORT,PRODUCT,SKO,APRIL,0.0
2023-24,IMPORT,PRODUCT,SKO,MAY,0.0
2023-24,IMPORT,PRODUCT,SKO,JUNE,0.0
2023-24,IMPORT,PRODUCT,SKO,JULY,0.0
2023-24,IMPORT,PRODUCT,SKO,AUGUST,0.0
2023-24,IMPORT,PRODUCT,SKO,SEPTEMBER,0.0
2023-24,IMPORT,PRODUCT,SKO,OCTOBER,0.0
2023-24,IMPORT,PRODUCT,SKO,NOVEMBER,0.0
2023-24,IMPORT,PRODUCT,SKO,DECEMBER,0.0
2023-24,IMPORT,PRODUCT,SKO,JANUARY,0.0
2023-24,IMPORT,PRODUCT,SKO,FEBRUARY,0.0
2023-24,IMPORT,PRODUCT,SKO,MARCH,0.0
2023-24,IMPORT,PRODUCT,SKO,TOTAL,0.0
2023-24,IMPORT,PRODUCT,HSD,APRIL,1.987533
2023-24,IMPORT,PRODUCT,HSD,MAY,1.9086869999999998
2023-24,IMPORT,PRODUCT,HSD,JUNE,0.620704
2023-24,IMPORT,PRODUCT,HSD,JULY,1.116626
2023-24,IMPORT,PRODUCT,HSD,AUGUST,4.54641
2023-24,IMPORT,PRODUCT,HSD,SEPTEMBER,5.154152000000001
2023-24,IMPORT,PRODUCT,HSD,OCTOBER,4.126716
2023-24,IMPORT,PRODUCT,HSD,NOVEMBER,1.5162239999999998
2023-24,IMPORT,PRODUCT,HSD,DECEMBER,3.049348
2023-24,IMPORT,PRODUCT,HSD,JANUARY,2.8781879999999997
2023-24,IMPORT,PRODUCT,HSD,FEBRUARY,10.932403
2023-24,IMPORT,PRODUCT,HSD,MARCH,4.22191
2023-24,IMPORT,PRODUCT,HSD,TOTAL,42.058901000000006
2023-24,IMPORT,PRODUCT,LOBS/Lube Oil,APRIL,166.767628
2023-24,IMPORT,PRODUCT,LOBS/Lube Oil,MAY,209.31957199999997
2023-24,IMPORT,PRODUCT,LOBS/Lube Oil,JUNE,172.8107749999999
2023-24,IMPORT,PRODUCT,LOBS/Lube Oil,JULY,271.4357700000001
2023-24,IMPORT,PRODUCT,LOBS/Lube Oil,AUGUST,173.49653899999998
2023-24,IMPORT,PRODUCT,LOBS/Lube Oil,SEPTEMBER,196.958789
2023-24,IMPORT,PRODUCT,LOBS/Lube Oil,OCTOBER,187.10328599999994
2023-24,IMPORT,PRODUCT,LOBS/Lube Oil,NOVEMBER,229.21691800000008
2023-24,IMPORT,PRODUCT,LOBS/Lube Oil,DECEMBER,240.453652
2023-24,IMPORT,PRODUCT,LOBS/Lube Oil,JANUARY,185.69149000000002
2023-24,IMPORT,PRODUCT,LOBS/Lube Oil,FEBRUARY,209.38633800000005
2023-24,IMPORT,PRODUCT,LOBS/Lube Oil,MARCH,169.83053099999998
2023-24,IMPORT,PRODUCT,LOBS/Lube Oil,TOTAL,2412.471288
2023-24,IMPORT,PRODUCT,Fuel Oil,APRIL,712.8204400000001
2023-24,IMPORT,PRODUCT,Fuel Oil,MAY,712.4284739999999
2023-24,IMPORT,PRODUCT,Fuel Oil,JUNE,725.099638
2023-24,IMPORT,PRODUCT,Fuel Oil,JULY,681.4184619999999
2023-24,IMPORT,PRODUCT,Fuel Oil,AUGUST,766.2976889999999
2023-24,IMPORT,PRODUCT,Fuel Oil,SEPTEMBER,824.761993
2023-24,IMPORT,PRODUCT,Fuel Oil,OCTOBER,742.340097
2023-24,IMPORT,PRODUCT,Fuel Oil,NOVEMBER,857.0037840000001
2023-24,IMPORT,PRODUCT,Fuel Oil,DECEMBER,744.586535
2023-24,IMPORT,PRODUCT,Fuel Oil,JANUARY,773.883341
2023-24,IMPORT,PRODUCT,Fuel Oil,FEBRUARY,823.3712909999999
2023-24,IMPORT,PRODUCT,Fuel Oil,MARCH,688.627528
2023-24,IMPORT,PRODUCT,Fuel Oil,TOTAL,9052.639272
2023-24,IMPORT,PRODUCT,Bitumen,APRIL,360.01576
2023-24,IMPORT,PRODUCT,Bitumen,MAY,369.568791
2023-24,IMPORT,PRODUCT,Bitumen,JUNE,247.213952
2023-24,IMPORT,PRODUCT,Bitumen,JULY,231.42738100000003
2023-24,IMPORT,PRODUCT,Bitumen,AUGUST,231.567664
2023-24,IMPORT,PRODUCT,Bitumen,SEPTEMBER,220.50546
2023-24,IMPORT,PRODUCT,Bitumen,OCTOBER,284.66293
2023-24,IMPORT,PRODUCT,Bitumen,NOVEMBER,227.900293
2023-24,IMPORT,PRODUCT,Bitumen,DECEMBER,239.548849
2023-24,IMPORT,PRODUCT,Bitumen,JANUARY,245.12136800000002
2023-24,IMPORT,PRODUCT,Bitumen,FEBRUARY,249.066976
2023-24,IMPORT,PRODUCT,Bitumen,MARCH,337.017847
2023-24,IMPORT,PRODUCT,Bitumen,TOTAL,3243.617271
2023-24,IMPORT,PRODUCT,Petcoke,APRIL,656.6870509999999
2023-24,IMPORT,PRODUCT,Petcoke,MAY,1086.31675
2023-24,IMPORT,PRODUCT,Petcoke,JUNE,710.144407
2023-24,IMPORT,PRODUCT,Petcoke,JULY,819.7315300000001
2023-24,IMPORT,PRODUCT,Petcoke,AUGUST,999.57333
2023-24,IMPORT,PRODUCT,Petcoke,SEPTEMBER,776.0188609999999
2023-24,IMPORT,PRODUCT,Petcoke,OCTOBER,845.1885009999999
2023-24,IMPORT,PRODUCT,Petcoke,NOVEMBER,622.463973
2023-24,IMPORT,PRODUCT,Petcoke,DECEMBER,937.925867
2023-24,IMPORT,PRODUCT,Petcoke,JANUARY,724.289498
2023-24,IMPORT,PRODUCT,Petcoke,FEBRUARY,1345.368387
2023-24,IMPORT,PRODUCT,Petcoke,MARCH,1432.0765619999997
2023-24,IMPORT,PRODUCT,Petcoke,TOTAL,10955.784716999999
2023-24,IMPORT,PRODUCT,Others,APRIL,191.35684499999996
2023-24,IMPORT,PRODUCT,Others,MAY,368.803597
2023-24,IMPORT,PRODUCT,Others,JUNE,265.908621
2023-24,IMPORT,PRODUCT,Others,JULY,362.73816800000003
2023-24,IMPORT,PRODUCT,Others,AUGUST,345.9308780000001
2023-24,IMPORT,PRODUCT,Others,SEPTEMBER,113.31607599999998
2023-24,IMPORT,PRODUCT,Others,OCTOBER,119.255856
2023-24,IMPORT,PRODUCT,Others,NOVEMBER,153.211345
2023-24,IMPORT,PRODUCT,Others,DECEMBER,161.917395
2023-24,IMPORT,PRODUCT,Others,JANUARY,195.91395900000003
2023-24,IMPORT,PRODUCT,Others,FEBRUARY,136.41128199999997
2023-24,IMPORT,PRODUCT,Others,MARCH,129.110905
2023-24,IMPORT,PRODUCT,Others,TOTAL,2543.8749270000003
2023-24,IMPORT,SUMMARY,PRODUCT IMPORT,APRIL,3150.769807
2023-24,IMPORT,SUMMARY,PRODUCT IMPORT,MAY,4230.401266
2023-24,IMPORT,SUMMARY,PRODUCT IMPORT,JUNE,3777.0137280000004
2023-24,IMPORT,SUMMARY,PRODUCT IMPORT,JULY,3771.974531
2023-24,IMPORT,SUMMARY,PRODUCT IMPORT,AUGUST,4354.7285090000005
2023-24,IMPORT,SUMMARY,PRODUCT IMPORT,SEPTEMBER,4061.4014380000003
2023-24,IMPORT,SUMMARY,PRODUCT IMPORT,OCTOBER,4548.175762
2023-24,IMPORT,SUMMARY,PRODUCT IMPORT,NOVEMBER,3998.6022380000004
2023-24,IMPORT,SUMMARY,PRODUCT IMPORT,DECEMBER,4092.8152889999997
2023-24,IMPORT,SUMMARY,PRODUCT IMPORT,JANUARY,3828.3009180000004
2023-24,IMPORT,SUMMARY,PRODUCT IMPORT,FEBRUARY,4526.296803
2023-24,IMPORT,SUMMARY,PRODUCT IMPORT,MARCH,4352.344675
2023-24,IMPORT,SUMMARY,PRODUCT IMPORT,TOTAL,48692.824964
2023-24,IMPORT,SUMMARY,TOTAL IMPORT,APRIL,23147.64713726
2023-24,IMPORT,SUMMARY,TOTAL IMPORT,MAY,24935.625674844
2023-24,IMPORT,SUMMARY,TOTAL IMPORT,JUNE,23656.183388503003
2023-24,IMPORT,SUMMARY,TOTAL IMPORT,JULY,23279.551435014
2023-24,IMPORT,SUMMARY,TOTAL IMPORT,AUGUST,23445.275662690998
2023-24,IMPORT,SUMMARY,TOTAL IMPORT,SEPTEMBER,21563.661285149003
2023-24,IMPORT,SUMMARY,TOTAL IMPORT,OCTOBER,23277.276243555003
2023-24,IMPORT,SUMMARY,TOTAL IMPORT,NOVEMBER,22591.707560284
2023-24,IMPORT,SUMMARY,TOTAL IMPORT,DECEMBER,23776.102373798
2023-24,IMPORT,SUMMARY,TOTAL IMPORT,JANUARY,25343.514618792004
2023-24,IMPORT,SUMMARY,TOTAL IMPORT,FEBRUARY,22770.320922148
2023-24,IMPORT,SUMMARY,TOTAL IMPORT,MARCH,25167.5382350399
2023-24,IMPORT,SUMMARY,TOTAL IMPORT,TOTAL,282954.4045370779
2023-24,EXPORT,PRODUCT,LPG,APRIL,40.230000000000004
2023-24,EXPORT,PRODUCT,LPG,MAY,45.916
2023-24,EXPORT,PRODUCT,LPG,JUNE,41.224000000000004
2023-24,EXPORT,PRODUCT,LPG,JULY,41.138
2023-24,EXPORT,PRODUCT,LPG,AUGUST,46.627
2023-24,EXPORT,PRODUCT,LPG,SEPTEMBER,39.502
2023-24,EXPORT,PRODUCT,LPG,OCTOBER,43.369
2023-24,EXPORT,PRODUCT,LPG,NOVEMBER,44.216
2023-24,EXPORT,PRODUCT,LPG,DECEMBER,45.309
2023-24,EXPORT,PRODUCT,LPG,JANUARY,45.003
2023-24,EXPORT,PRODUCT,LPG,FEBRUARY,44.865
2023-24,EXPORT,PRODUCT,LPG,MARCH,47.983
2023-24,EXPORT,PRODUCT,LPG,TOTAL,525.3820000000001
2023-24,EXPORT,PRODUCT,MS,APRIL,1259.3744905542
2023-24,EXPORT,PRODUCT,MS,MAY,1254.1523504926001
2023-24,EXPORT,PRODUCT,MS,JUNE,1225.0702810162998
2023-24,EXPORT,PRODUCT,MS,JULY,1258.7897341382
2023-24,EXPORT,PRODUCT,MS,AUGUST,1174.6731474535998
2023-24,EXPORT,PRODUCT,MS,SEPTEMBER,993.3518352232
2023-24,EXPORT,PRODUCT,MS,OCTOBER,671.3307649369
2023-24,EXPORT,PRODUCT,MS,NOVEMBER,872.3756131127
2023-24,EXPORT,PRODUCT,MS,DECEMBER,1193.3620802013
2023-24,EXPORT,PRODUCT,MS,JANUARY,975.0379633055
2023-24,EXPORT,PRODUCT,MS,FEBRUARY,1256.4697269029
2023-24,EXPORT,PRODUCT,MS,MARCH,1338.4896853296002
2023-24,EXPORT,PRODUCT,MS,TOTAL,13472.477672666999
2023-24,EXPORT,PRODUCT,Naphtha,APRIL,347.14500200000003
2023-24,EXPORT,PRODUCT,Naphtha,MAY,463.6894999999999
2023-24,EXPORT,PRODUCT,Naphtha,JUNE,586.735116
2023-24,EXPORT,PRODUCT,Naphtha,JULY,513.82277
2023-24,EXPORT,PRODUCT,Naphtha,AUGUST,416.87493500000005
2023-24,EXPORT,PRODUCT,Naphtha,SEPTEMBER,289.811203
2023-24,EXPORT,PRODUCT,Naphtha,OCTOBER,455.525925
2023-24,EXPORT,PRODUCT,Naphtha,NOVEMBER,555.0396249999999
2023-24,EXPORT,PRODUCT,Naphtha,DECEMBER,285.954219
2023-24,EXPORT,PRODUCT,Naphtha,JANUARY,425.64817999999997
2023-24,EXPORT,PRODUCT,Naphtha,FEBRUARY,437.304564
2023-24,EXPORT,PRODUCT,Naphtha,MARCH,497.718617
2023-24,EXPORT,PRODUCT,Naphtha,TOTAL,5275.269656
2023-24,EXPORT,PRODUCT,ATF,APRIL,630.9367410000001
2023-24,EXPORT,PRODUCT,ATF,MAY,682.4861609999999
2023-24,EXPORT,PRODUCT,ATF,JUNE,717.144625
2023-24,EXPORT,PRODUCT,ATF,JULY,782.277246
2023-24,EXPORT,PRODUCT,ATF,AUGUST,900.483104
2023-24,EXPORT,PRODUCT,ATF,SEPTEMBER,489.88545799999997
2023-24,EXPORT,PRODUCT,ATF,OCTOBER,529.416679
2023-24,EXPORT,PRODUCT,ATF,NOVEMBER,743.124185
2023-24,EXPORT,PRODUCT,ATF,DECEMBER,770.8458159999999
2023-24,EXPORT,PRODUCT,ATF,JANUARY,727.120668
2023-24,EXPORT,PRODUCT,ATF,FEBRUARY,815.4070569999999
2023-24,EXPORT,PRODUCT,ATF,MARCH,790.2461619999999
2023-24,EXPORT,PRODUCT,ATF,TOTAL,8579.373902
2023-24,EXPORT,PRODUCT,SKO,APRIL,1.317
2023-24,EXPORT,PRODUCT,SKO,MAY,1.257
2023-24,EXPORT,PRODUCT,SKO,JUNE,1.328
2023-24,EXPORT,PRODUCT,SKO,JULY,1.017
2023-24,EXPORT,PRODUCT,SKO,AUGUST,0.515
2023-24,EXPORT,PRODUCT,SKO,SEPTEMBER,0.537
2023-24,EXPORT,PRODUCT,SKO,OCTOBER,0.646
2023-24,EXPORT,PRODUCT,SKO,NOVEMBER,0.915
2023-24,EXPORT,PRODUCT,SKO,DECEMBER,0.799
2023-24,EXPORT,PRODUCT,SKO,JANUARY,0.9400000000000001
2023-24,EXPORT,PRODUCT,SKO,FEBRUARY,0.7
2023-24,EXPORT,PRODUCT,SKO,MARCH,0.92
2023-24,EXPORT,PRODUCT,SKO,TOTAL,10.890999999999998
2023-24,EXPORT,PRODUCT,HSD,APRIL,1908.6837596197997
2023-24,EXPORT,PRODUCT,HSD,MAY,2372.9432519835
2023-24,EXPORT,PRODUCT,HSD,JUNE,1951.1586187768999
2023-24,EXPORT,PRODUCT,HSD,JULY,2385.9135916942
2023-24,EXPORT,PRODUCT,HSD,AUGUST,2616.6510293884
2023-24,EXPORT,PRODUCT,HSD,SEPTEMBER,2325.8356241405
2023-24,EXPORT,PRODUCT,HSD,OCTOBER,2109.6487671983
2023-24,EXPORT,PRODUCT,HSD,NOVEMBER,2834.4061508512
2023-24,EXPORT,PRODUCT,HSD,DECEMBER,2843.1826472893
2023-24,EXPORT,PRODUCT,HSD,JANUARY,2024.0985369090995
2023-24,EXPORT,PRODUCT,HSD,FEBRUARY,2396.2333865868
2023-24,EXPORT,PRODUCT,HSD,MARCH,2435.6864947520994
2023-24,EXPORT,PRODUCT,HSD,TOTAL,28204.441859190098
2023-24,EXPORT,PRODUCT,LDO,APRIL,0.054
2023-24,EXPORT,PRODUCT,LDO,MAY,0.0
2023-24,EXPORT,PRODUCT,LDO,JUNE,0.0
2023-24,EXPORT,PRODUCT,LDO,JULY,0.0
2023-24,EXPORT,PRODUCT,LDO,AUGUST,0.0
2023-24,EXPORT,PRODUCT,LDO,SEPTEMBER,0.0
2023-24,EXPORT,PRODUCT,LDO,OCTOBER,0.0
2023-24,EXPORT,PRODUCT,LDO,NOVEMBER,0.0
2023-24,EXPORT,PRODUCT,LDO,DECEMBER,0.0
2023-24,EXPORT,PRODUCT,LDO,JANUARY,0.0
2023-24,EXPORT,PRODUCT,LDO,FEBRUARY,0.0
2023-24,EXPORT,PRODUCT,LDO,MARCH,0.0
2023-24,EXPORT,PRODUCT,LDO,TOTAL,0.054
2023-24,EXPORT,PRODUCT,LOBS/Lube Oil,APRIL,0.5898365781
2023-24,EXPORT,PRODUCT,LOBS/Lube Oil,MAY,0.697150672
2023-24,EXPORT,PRODUCT,LOBS/Lube Oil,JUNE,0.9260820321000001
2023-24,EXPORT,PRODUCT,LOBS/Lube Oil,JULY,0.9345805457000002
2023-24,EXPORT,PRODUCT,LOBS/Lube Oil,AUGUST,2.5419326168000005
2023-24,EXPORT,PRODUCT,LOBS/Lube Oil,SEPTEMBER,1.4596814061
2023-24,EXPORT,PRODUCT,LOBS/Lube Oil,OCTOBER,0.8462315615000001
2023-24,EXPORT,PRODUCT,LOBS/Lube Oil,NOVEMBER,1.4588844742
2023-24,EXPORT,PRODUCT,LOBS/Lube Oil,DECEMBER,1.0376349208
2023-24,EXPORT,PRODUCT,LOBS/Lube Oil,JANUARY,0.8383715739000001
2023-24,EXPORT,PRODUCT,LOBS/Lube Oil,FEBRUARY,1.2288570027
2023-24,EXPORT,PRODUCT,LOBS/Lube Oil,MARCH,2.2490426029
2023-24,EXPORT,PRODUCT,LOBS/Lube Oil,TOTAL,14.8082859868
2023-24,EXPORT,PRODUCT,Fuel Oil,APRIL,28.884161
2023-24,EXPORT,PRODUCT,Fuel Oil,MAY,87.609487
2023-24,EXPORT,PRODUCT,Fuel Oil,JUNE,137.966520025
2023-24,EXPORT,PRODUCT,Fuel Oil,JULY,178.05662400199998
2023-24,EXPORT,PRODUCT,Fuel Oil,AUGUST,261.0013691
2023-24,EXPORT,PRODUCT,Fuel Oil,SEPTEMBER,226.896241714
2023-24,EXPORT,PRODUCT,Fuel Oil,OCTOBER,147.448594
2023-24,EXPORT,PRODUCT,Fuel Oil,NOVEMBER,197.971087
2023-24,EXPORT,PRODUCT,Fuel Oil,DECEMBER,193.646242
2023-24,EXPORT,PRODUCT,Fuel Oil,JANUARY,248.87273299999998
2023-24,EXPORT,PRODUCT,Fuel Oil,FEBRUARY,138.653354
2023-24,EXPORT,PRODUCT,Fuel Oil,MARCH,255.949735
2023-24,EXPORT,PRODUCT,Fuel Oil,TOTAL,2102.956147841
2023-24,EXPORT,PRODUCT,Bitumen,APRIL,0.7853370000000001
2023-24,EXPORT,PRODUCT,Bitumen,MAY,1.3772906
2023-24,EXPORT,PRODUCT,Bitumen,JUNE,1.899
2023-24,EXPORT,PRODUCT,Bitumen,JULY,3.202
2023-24,EXPORT,PRODUCT,Bitumen,AUGUST,1.60182
2023-24,EXPORT,PRODUCT,Bitumen,SEPTEMBER,0.2
2023-24,EXPORT,PRODUCT,Bitumen,OCTOBER,0.0
2023-24,EXPORT,PRODUCT,Bitumen,NOVEMBER,0.12
2023-24,EXPORT,PRODUCT,Bitumen,DECEMBER,0.1790484
2023-24,EXPORT,PRODUCT,Bitumen,JANUARY,3.024
2023-24,EXPORT,PRODUCT,Bitumen,FEBRUARY,2.70749
2023-24,EXPORT,PRODUCT,Bitumen,MARCH,2.4687099999999997
2023-24,EXPORT,PRODUCT,Bitumen,TOTAL,17.564695999999998
2023-24,EXPORT,PRODUCT,Petcoke/CBFS,APRIL,11.0
2023-24,EXPORT,PRODUCT,Petcoke/CBFS,MAY,16.5
2023-24,EXPORT,PRODUCT,Petcoke/CBFS,JUNE,0.0
2023-24,EXPORT,PRODUCT,Petcoke/CBFS,JULY,0.0
2023-24,EXPORT,PRODUCT,Petcoke/CBFS,AUGUST,0.0
2023-24,EXPORT,PRODUCT,Petcoke/CBFS,SEPTEMBER,0.0
2023-24,EXPORT,PRODUCT,Petcoke/CBFS,OCTOBER,0.0
2023-24,EXPORT,PRODUCT,Petcoke/CBFS,NOVEMBER,0.0
2023-24,EXPORT,PRODUCT,Petcoke/CBFS,DECEMBER,0.0
2023-24,EXPORT,PRODUCT,Petcoke/CBFS,JANUARY,0.0
2023-24,EXPORT,PRODUCT,Petcoke/CBFS,FEBRUARY,0.0
2023-24,EXPORT,PRODUCT,Petcoke/CBFS,MARCH,0.0
2023-24,EXPORT,PRODUCT,Petcoke/CBFS,TOTAL,27.5
2023-24,EXPORT,PRODUCT,Others,APRIL,139.521826
2023-24,EXPORT,PRODUCT,Others,MAY,384.489357264
2023-24,EXPORT,PRODUCT,Others,JUNE,354.202086
2023-24,EXPORT,PRODUCT,Others,JULY,255.11163775
2023-24,EXPORT,PRODUCT,Others,AUGUST,427.38669500000003
2023-24,EXPORT,PRODUCT,Others,SEPTEMBER,449.851419
2023-24,EXPORT,PRODUCT,Others,OCTOBER,525.1551383010001
2023-24,EXPORT,PRODUCT,Others,NOVEMBER,401.64749072999996
2023-24,EXPORT,PRODUCT,Others,DECEMBER,507.47355255400004
2023-24,EXPORT,PRODUCT,Others,JANUARY,392.418892043
2023-24,EXPORT,PRODUCT,Others,FEBRUARY,223.99740000000003
2023-24,EXPORT,PRODUCT,Others,MARCH,300.891793058
2023-24,EXPORT,PRODUCT,Others,TOTAL,4362.147287700001
2023-24,EXPORT,SUMMARY,TOTAL PRODUCT EXPORT,APRIL,4368.522153752101
2023-24,EXPORT,SUMMARY,TOTAL PRODUCT EXPORT,MAY,5311.1175490121
2023-24,EXPORT,SUMMARY,TOTAL PRODUCT EXPORT,JUNE,5017.6543288503
2023-24,EXPORT,SUMMARY,TOTAL PRODUCT EXPORT,JULY,5420.2631841301
2023-24,EXPORT,SUMMARY,TOTAL PRODUCT EXPORT,AUGUST,5848.3560325588005
2023-24,EXPORT,SUMMARY,TOTAL PRODUCT EXPORT,SEPTEMBER,4817.330462483799
2023-24,EXPORT,SUMMARY,TOTAL PRODUCT EXPORT,OCTOBER,4483.3870999977
2023-24,EXPORT,SUMMARY,TOTAL PRODUCT EXPORT,NOVEMBER,5651.2740361681
2023-24,EXPORT,SUMMARY,TOTAL PRODUCT EXPORT,DECEMBER,5841.7892403654
2023-24,EXPORT,SUMMARY,TOTAL PRODUCT EXPORT,JANUARY,4843.0023448315005
2023-24,EXPORT,SUMMARY,TOTAL PRODUCT EXPORT,FEBRUARY,5317.5668354924
2023-24,EXPORT,SUMMARY,TOTAL PRODUCT EXPORT,MARCH,5672.6032397426
2023-24,EXPORT,SUMMARY,TOTAL PRODUCT EXPORT,TOTAL,62592.8665073849
2023-24,EXPORT,SUMMARY,NET IMPORT,APRIL,18779.1249835079
2023-24,EXPORT,SUMMARY,NET IMPORT,MAY,19624.508125831897
2023-24,EXPORT,SUMMARY,NET IMPORT,JUNE,18638.529059652705
2023-24,EXPORT,SUMMARY,NET IMPORT,JULY,17859.2882508839
2023-24,EXPORT,SUMMARY,NET IMPORT,AUGUST,17596.919630132197
2023-24,EXPORT,SUMMARY,NET IMPORT,SEPTEMBER,16746.330822665204
2023-24,EXPORT,SUMMARY,NET IMPORT,OCTOBER,18793.889143557302
2023-24,EXPORT,SUMMARY,NET IMPORT,NOVEMBER,16940.433524115902
2023-24,EXPORT,SUMMARY,NET IMPORT,DECEMBER,17934.3131334326
2023-24,EXPORT,SUMMARY,NET IMPORT,JANUARY,20500.512273960503
2023-24,EXPORT,SUMMARY,NET IMPORT,FEBRUARY,17452.7540866556
2023-24,EXPORT,SUMMARY,NET IMPORT,MARCH,19494.934995297303
2023-24,EXPORT,SUMMARY,NET IMPORT,TOTAL,220361.53802969298
2024-25,IMPORT,CRUDE OIL,Crude Oil,APRIL,21439.182204842
2024-25,IMPORT,CRUDE OIL,Crude Oil,MAY,22032.910436285
2024-25,IMPORT,CRUDE OIL,Crude Oil,JUNE,18812.871700452004
2024-25,IMPORT,CRUDE OIL,Crude Oil,JULY,19403.120625871
2024-25,IMPORT,CRUDE OIL,Crude Oil,AUGUST,20179.641479271
2024-25,IMPORT,CRUDE OIL,Crude Oil,SEPTEMBER,18788.982869257004
2024-25,IMPORT,CRUDE OIL,Crude Oil,OCTOBER,19937.318147285
2024-25,IMPORT,CRUDE OIL,Crude Oil,NOVEMBER,18947.296514351
2024-25,IMPORT,CRUDE OIL,Crude Oil,DECEMBER,20195.251091082
2024-25,IMPORT,CRUDE OIL,Crude Oil,JANUARY,21225.096059839998
2024-25,IMPORT,CRUDE OIL,Crude Oil,FEBRUARY,19465.977391007
2024-25,IMPORT,CRUDE OIL,Crude Oil,MARCH,22797.322842506
2024-25,IMPORT,CRUDE OIL,Crude Oil,TOTAL,243224.97136204902
2024-25,IMPORT,PRODUCT,LPG,APRIL,1453.054193
2024-25,IMPORT,PRODUCT,LPG,MAY,1566.642581
2024-25,IMPORT,PRODUCT,LPG,JUNE,1323.3275529999999
2024-25,IMPORT,PRODUCT,LPG,JULY,1821.598909
2024-25,IMPORT,PRODUCT,LPG,AUGUST,1774.754445
2024-25,IMPORT,PRODUCT,LPG,SEPTEMBER,1656.047243
2024-25,IMPORT,PRODUCT,LPG,OCTOBER,2003.3250440000002
2024-25,IMPORT,PRODUCT,LPG,NOVEMBER,1950.5067640000002
2024-25,IMPORT,PRODUCT,LPG,DECEMBER,1853.800745
2024-25,IMPORT,PRODUCT,LPG,JANUARY,1810.698296
2024-25,IMPORT,PRODUCT,LPG,FEBRUARY,1568.483222
2024-25,IMPORT,PRODUCT,LPG,MARCH,1884.616396
2024-25,IMPORT,PRODUCT,LPG,TOTAL,20666.855391
2024-25,IMPORT,PRODUCT,MS,APRIL,29.993655999999998
2024-25,IMPORT,PRODUCT,MS,MAY,86.517615
2024-25,IMPORT,PRODUCT,MS,JUNE,0.002291
2024-25,IMPORT,PRODUCT,MS,JULY,54.475146
2024-25,IMPORT,PRODUCT,MS,AUGUST,0.0
2024-25,IMPORT,PRODUCT,MS,SEPTEMBER,63.5934
2024-25,IMPORT,PRODUCT,MS,OCTOBER,0.0
2024-25,IMPORT,PRODUCT,MS,NOVEMBER,0.0
2024-25,IMPORT,PRODUCT,MS,DECEMBER,0.0
2024-25,IMPORT,PRODUCT,MS,JANUARY,0.0
2024-25,IMPORT,PRODUCT,MS,FEBRUARY,0.0
2024-25,IMPORT,PRODUCT,MS,MARCH,0.001371
2024-25,IMPORT,PRODUCT,MS,TOTAL,234.583479
2024-25,IMPORT,PRODUCT,Naphtha,APRIL,121.21920400000002
2024-25,IMPORT,PRODUCT,Naphtha,MAY,70.02458499999999
2024-25,IMPORT,PRODUCT,Naphtha,JUNE,6.904637
2024-25,IMPORT,PRODUCT,Naphtha,JULY,164.540096
2024-25,IMPORT,PRODUCT,Naphtha,AUGUST,146.173904
2024-25,IMPORT,PRODUCT,Naphtha,SEPTEMBER,82.69682900000001
2024-25,IMPORT,PRODUCT,Naphtha,OCTOBER,54.273124
2024-25,IMPORT,PRODUCT,Naphtha,NOVEMBER,167.449218
2024-25,IMPORT,PRODUCT,Naphtha,DECEMBER,52.158672
2024-25,IMPORT,PRODUCT,Naphtha,JANUARY,5.690552
2024-25,IMPORT,PRODUCT,Naphtha,FEBRUARY,30.914058999999998
2024-25,IMPORT,PRODUCT,Naphtha,MARCH,38.651766
2024-25,IMPORT,PRODUCT,Naphtha,TOTAL,940.696646
2024-25,IMPORT,PRODUCT,ATF,APRIL,0.001711
2024-25,IMPORT,PRODUCT,ATF,MAY,0.002613
2024-25,IMPORT,PRODUCT,ATF,JUNE,0.0
2024-25,IMPORT,PRODUCT,ATF,JULY,0.003008
2024-25,IMPORT,PRODUCT,ATF,AUGUST,0.00728
2024-25,IMPORT,PRODUCT,ATF,SEPTEMBER,0.0
2024-25,IMPORT,PRODUCT,ATF,OCTOBER,0.0
2024-25,IMPORT,PRODUCT,ATF,NOVEMBER,0.0
2024-25,IMPORT,PRODUCT,ATF,DECEMBER,0.0
2024-25,IMPORT,PRODUCT,ATF,JANUARY,0.0
2024-25,IMPORT,PRODUCT,ATF,FEBRUARY,0.0
2024-25,IMPORT,PRODUCT,ATF,MARCH,0.0
2024-25,IMPORT,PRODUCT,ATF,TOTAL,0.014612
2024-25,IMPORT,PRODUCT,SKO,APRIL,0.0
2024-25,IMPORT,PRODUCT,SKO,MAY,0.0
2024-25,IMPORT,PRODUCT,SKO,JUNE,0.0
2024-25,IMPORT,PRODUCT,SKO,JULY,0.0
2024-25,IMPORT,PRODUCT,SKO,AUGUST,0.0
2024-25,IMPORT,PRODUCT,SKO,SEPTEMBER,0.0
2024-25,IMPORT,PRODUCT,SKO,OCTOBER,0.0
2024-25,IMPORT,PRODUCT,SKO,NOVEMBER,0.0
2024-25,IMPORT,PRODUCT,SKO,DECEMBER,0.0
2024-25,IMPORT,PRODUCT,SKO,JANUARY,0.0
2024-25,IMPORT,PRODUCT,SKO,FEBRUARY,0.0
2024-25,IMPORT,PRODUCT,SKO,MARCH,0.0
2024-25,IMPORT,PRODUCT,SKO,TOTAL,0.0
2024-25,IMPORT,PRODUCT,HSD,APRIL,1.754369
2024-25,IMPORT,PRODUCT,HSD,MAY,7.5530859999999995
2024-25,IMPORT,PRODUCT,HSD,JUNE,1.7102119999999998
2024-25,IMPORT,PRODUCT,HSD,JULY,1.498956
2024-25,IMPORT,PRODUCT,HSD,AUGUST,2.425365
2024-25,IMPORT,PRODUCT,HSD,SEPTEMBER,0.28755
2024-25,IMPORT,PRODUCT,HSD,OCTOBER,8.651698
2024-25,IMPORT,PRODUCT,HSD,NOVEMBER,4.212751
2024-25,IMPORT,PRODUCT,HSD,DECEMBER,1.5295370000000001
2024-25,IMPORT,PRODUCT,HSD,JANUARY,2.646796
2024-25,IMPORT,PRODUCT,HSD,FEBRUARY,7.202736000000001
2024-25,IMPORT,PRODUCT,HSD,MARCH,2.474294
2024-25,IMPORT,PRODUCT,HSD,TOTAL,41.94735
2024-25,IMPORT,PRODUCT,LOBS/Lube Oil,APRIL,284.54282099999995
2024-25,IMPORT,PRODUCT,LOBS/Lube Oil,MAY,349.514022
2024-25,IMPORT,PRODUCT,LOBS/Lube Oil,JUNE,297.783412
2024-25,IMPORT,PRODUCT,LOBS/Lube Oil,JULY,172.65718799999996
2024-25,IMPORT,PRODUCT,LOBS/Lube Oil,AUGUST,211.994488
2024-25,IMPORT,PRODUCT,LOBS/Lube Oil,SEPTEMBER,243.434151
2024-25,IMPORT,PRODUCT,LOBS/Lube Oil,OCTOBER,214.02650400000002
2024-25,IMPORT,PRODUCT,LOBS/Lube Oil,NOVEMBER,211.786363
2024-25,IMPORT,PRODUCT,LOBS/Lube Oil,DECEMBER,198.607834
2024-25,IMPORT,PRODUCT,LOBS/Lube Oil,JANUARY,240.603511
2024-25,IMPORT,PRODUCT,LOBS/Lube Oil,FEBRUARY,172.33851300000003
2024-25,IMPORT,PRODUCT,LOBS/Lube Oil,MARCH,266.829004
2024-25,IMPORT,PRODUCT,LOBS/Lube Oil,TOTAL,2864.117811
2024-25,IMPORT,PRODUCT,Fuel Oil,APRIL,791.920885
2024-25,IMPORT,PRODUCT,Fuel Oil,MAY,623.4326729999999
2024-25,IMPORT,PRODUCT,Fuel Oil,JUNE,647.920799
2024-25,IMPORT,PRODUCT,Fuel Oil,JULY,816.8463110000001
2024-25,IMPORT,PRODUCT,Fuel Oil,AUGUST,624.058548
2024-25,IMPORT,PRODUCT,Fuel Oil,SEPTEMBER,634.501139
2024-25,IMPORT,PRODUCT,Fuel Oil,OCTOBER,743.71293
2024-25,IMPORT,PRODUCT,Fuel Oil,NOVEMBER,612.490863
2024-25,IMPORT,PRODUCT,Fuel Oil,DECEMBER,608.3028810000001
2024-25,IMPORT,PRODUCT,Fuel Oil,JANUARY,680.3632220000001
2024-25,IMPORT,PRODUCT,Fuel Oil,FEBRUARY,415.923857
2024-25,IMPORT,PRODUCT,Fuel Oil,MARCH,474.502176
2024-25,IMPORT,PRODUCT,Fuel Oil,TOTAL,7673.976284
2024-25,IMPORT,PRODUCT,Bitumen,APRIL,274.24624600000004
2024-25,IMPORT,PRODUCT,Bitumen,MAY,338.823068
2024-25,IMPORT,PRODUCT,Bitumen,JUNE,237.887176
2024-25,IMPORT,PRODUCT,Bitumen,JULY,159.321812
2024-25,IMPORT,PRODUCT,Bitumen,AUGUST,126.657578
2024-25,IMPORT,PRODUCT,Bitumen,SEPTEMBER,163.736651
2024-25,IMPORT,PRODUCT,Bitumen,OCTOBER,193.98767800000002
2024-25,IMPORT,PRODUCT,Bitumen,NOVEMBER,237.619972
2024-25,IMPORT,PRODUCT,Bitumen,DECEMBER,216.737001
2024-25,IMPORT,PRODUCT,Bitumen,JANUARY,298.100443
2024-25,IMPORT,PRODUCT,Bitumen,FEBRUARY,309.52164999999997
2024-25,IMPORT,PRODUCT,Bitumen,MARCH,343.276056
2024-25,IMPORT,PRODUCT,Bitumen,TOTAL,2899.915331
2024-25,IMPORT,PRODUCT,Petcoke,APRIL,1026.10587
2024-25,IMPORT,PRODUCT,Petcoke,MAY,1005.053937
2024-25,IMPORT,PRODUCT,Petcoke,JUNE,849.671242
2024-25,IMPORT,PRODUCT,Petcoke,JULY,1587.510171
2024-25,IMPORT,PRODUCT,Petcoke,AUGUST,1058.135312
2024-25,IMPORT,PRODUCT,Petcoke,SEPTEMBER,604.0142239999999
2024-25,IMPORT,PRODUCT,Petcoke,OCTOBER,1349.5907200000001
2024-25,IMPORT,PRODUCT,Petcoke,NOVEMBER,1265.003547
2024-25,IMPORT,PRODUCT,Petcoke,DECEMBER,1125.2438020000002
2024-25,IMPORT,PRODUCT,Petcoke,JANUARY,1188.485041
2024-25,IMPORT,PRODUCT,Petcoke,FEBRUARY,1299.8956950000002
2024-25,IMPORT,PRODUCT,Petcoke,MARCH,793.8707059999999
2024-25,IMPORT,PRODUCT,Petcoke,TOTAL,13152.580267
2024-25,IMPORT,PRODUCT,Others,APRIL,215.474942
2024-25,IMPORT,PRODUCT,Others,MAY,202.8565010000001
2024-25,IMPORT,PRODUCT,Others,JUNE,253.81959499999996
2024-25,IMPORT,PRODUCT,Others,JULY,158.61407099999997
2024-25,IMPORT,PRODUCT,Others,AUGUST,258.10835999999995
2024-25,IMPORT,PRODUCT,Others,SEPTEMBER,190.325313
2024-25,IMPORT,PRODUCT,Others,OCTOBER,111.492212
2024-25,IMPORT,PRODUCT,Others,NOVEMBER,200.8288769999999
2024-25,IMPORT,PRODUCT,Others,DECEMBER,190.40825999999998
2024-25,IMPORT,PRODUCT,Others,JANUARY,213.67974399999994
2024-25,IMPORT,PRODUCT,Others,FEBRUARY,149.358258
2024-25,IMPORT,PRODUCT,Others,MARCH,283.364488
2024-25,IMPORT,PRODUCT,Others,TOTAL,2428.330621
2024-25,IMPORT,SUMMARY,PRODUCT IMPORT,APRIL,4198.313897
2024-25,IMPORT,SUMMARY,PRODUCT IMPORT,MAY,4250.420681
2024-25,IMPORT,SUMMARY,PRODUCT IMPORT,JUNE,3619.0269169999997
2024-25,IMPORT,SUMMARY,PRODUCT IMPORT,JULY,4937.065668
2024-25,IMPORT,SUMMARY,PRODUCT IMPORT,AUGUST,4202.31528
2024-25,IMPORT,SUMMARY,PRODUCT IMPORT,SEPTEMBER,3638.6364999999996
2024-25,IMPORT,SUMMARY,PRODUCT IMPORT,OCTOBER,4679.059910000001
2024-25,IMPORT,SUMMARY,PRODUCT IMPORT,NOVEMBER,4649.898355
2024-25,IMPORT,SUMMARY,PRODUCT IMPORT,DECEMBER,4246.788732
2024-25,IMPORT,SUMMARY,PRODUCT IMPORT,JANUARY,4440.267605
2024-25,IMPORT,SUMMARY,PRODUCT IMPORT,FEBRUARY,3953.6379900000006
2024-25,IMPORT,SUMMARY,PRODUCT IMPORT,MARCH,4087.586257
2024-25,IMPORT,SUMMARY,PRODUCT IMPORT,TOTAL,50903.017792
2024-25,IMPORT,SUMMARY,TOTAL IMPORT,APRIL,25637.496101842
2024-25,IMPORT,SUMMARY,TOTAL IMPORT,MAY,26283.331117285
2024-25,IMPORT,SUMMARY,TOTAL IMPORT,JUNE,22431.898617452003
2024-25,IMPORT,SUMMARY,TOTAL IMPORT,JULY,24340.186293871
2024-25,IMPORT,SUMMARY,TOTAL IMPORT,AUGUST,24381.956759270997
2024-25,IMPORT,SUMMARY,TOTAL IMPORT,SEPTEMBER,22427.619369257005
2024-25,IMPORT,SUMMARY,TOTAL IMPORT,OCTOBER,24616.378057285
2024-25,IMPORT,SUMMARY,TOTAL IMPORT,NOVEMBER,23597.194869351002
2024-25,IMPORT,SUMMARY,TOTAL IMPORT,DECEMBER,24442.039823082
2024-25,IMPORT,SUMMARY,TOTAL IMPORT,JANUARY,25665.36366484
2024-25,IMPORT,SUMMARY,TOTAL IMPORT,FEBRUARY,23419.615381007
2024-25,IMPORT,SUMMARY,TOTAL IMPORT,MARCH,26884.909099506
2024-25,IMPORT,SUMMARY,TOTAL IMPORT,TOTAL,294127.989154049
2024-25,EXPORT,PRODUCT,LPG,APRIL,44.456494
2024-25,EXPORT,PRODUCT,LPG,MAY,43.556844
2024-25,EXPORT,PRODUCT,LPG,JUNE,45.679
2024-25,EXPORT,PRODUCT,LPG,JULY,44.605
2024-25,EXPORT,PRODUCT,LPG,AUGUST,43.88
2024-25,EXPORT,PRODUCT,LPG,SEPTEMBER,40.75
2024-25,EXPORT,PRODUCT,LPG,OCTOBER,46.73
2024-25,EXPORT,PRODUCT,LPG,NOVEMBER,43.997
2024-25,EXPORT,PRODUCT,LPG,DECEMBER,49.32
2024-25,EXPORT,PRODUCT,LPG,JANUARY,49.139300000000006
2024-25,EXPORT,PRODUCT,LPG,FEBRUARY,48.72096
2024-25,EXPORT,PRODUCT,LPG,MARCH,50.351040000000005
2024-25,EXPORT,PRODUCT,LPG,TOTAL,551.1856379999999
2024-25,EXPORT,PRODUCT,MS,APRIL,1178.0544084571002
2024-25,EXPORT,PRODUCT,MS,MAY,1277.3363677633
2024-25,EXPORT,PRODUCT,MS,JUNE,1239.1814975918003
2024-25,EXPORT,PRODUCT,MS,JULY,1065.4327248965
2024-25,EXPORT,PRODUCT,MS,AUGUST,1177.2994095996
2024-25,EXPORT,PRODUCT,MS,SEPTEMBER,1244.9656450006999
2024-25,EXPORT,PRODUCT,MS,OCTOBER,1117.7750614422
2024-25,EXPORT,PRODUCT,MS,NOVEMBER,1240.4989427867
2024-25,EXPORT,PRODUCT,MS,DECEMBER,1472.5864192445
2024-25,EXPORT,PRODUCT,MS,JANUARY,1362.2716196194
2024-25,EXPORT,PRODUCT,MS,FEBRUARY,1686.7017908845005
2024-25,EXPORT,PRODUCT,MS,MARCH,1768.3750352820998
2024-25,EXPORT,PRODUCT,MS,TOTAL,15830.4789225684
2024-25,EXPORT,PRODUCT,Naphtha,APRIL,438.565738
2024-25,EXPORT,PRODUCT,Naphtha,MAY,390.38066999999995
2024-25,EXPORT,PRODUCT,Naphtha,JUNE,491.23489
2024-25,EXPORT,PRODUCT,Naphtha,JULY,457.860054
2024-25,EXPORT,PRODUCT,Naphtha,AUGUST,412.763676
2024-25,EXPORT,PRODUCT,Naphtha,SEPTEMBER,415.4718890000001
2024-25,EXPORT,PRODUCT,Naphtha,OCTOBER,334.355657
2024-25,EXPORT,PRODUCT,Naphtha,NOVEMBER,439.83505099999996
2024-25,EXPORT,PRODUCT,Naphtha,DECEMBER,425.194713
2024-25,EXPORT,PRODUCT,Naphtha,JANUARY,442.242565
2024-25,EXPORT,PRODUCT,Naphtha,FEBRUARY,552.1685679999999
2024-25,EXPORT,PRODUCT,Naphtha,MARCH,368.92483400000003
2024-25,EXPORT,PRODUCT,Naphtha,TOTAL,5168.998305
2024-25,EXPORT,PRODUCT,ATF,APRIL,643.142891
2024-25,EXPORT,PRODUCT,ATF,MAY,857.0026419999999
2024-25,EXPORT,PRODUCT,ATF,JUNE,634.06065
2024-25,EXPORT,PRODUCT,ATF,JULY,718.606507
2024-25,EXPORT,PRODUCT,ATF,AUGUST,701.651629
2024-25,EXPORT,PRODUCT,ATF,SEPTEMBER,924.474123
2024-25,EXPORT,PRODUCT,ATF,OCTOBER,656.67093
2024-25,EXPORT,PRODUCT,ATF,NOVEMBER,738.3637779999999
2024-25,EXPORT,PRODUCT,ATF,DECEMBER,838.0454589999999
2024-25,EXPORT,PRODUCT,ATF,JANUARY,527.253706
2024-25,EXPORT,PRODUCT,ATF,FEBRUARY,647.3216990000001
2024-25,EXPORT,PRODUCT,ATF,MARCH,667.36151
2024-25,EXPORT,PRODUCT,ATF,TOTAL,8553.955524
2024-25,EXPORT,PRODUCT,SKO,APRIL,1.1086660000000002
2024-25,EXPORT,PRODUCT,SKO,MAY,0.977357
2024-25,EXPORT,PRODUCT,SKO,JUNE,1.41
2024-25,EXPORT,PRODUCT,SKO,JULY,0.728
2024-25,EXPORT,PRODUCT,SKO,AUGUST,0.54
2024-25,EXPORT,PRODUCT,SKO,SEPTEMBER,0.8
2024-25,EXPORT,PRODUCT,SKO,OCTOBER,1.0
2024-25,EXPORT,PRODUCT,SKO,NOVEMBER,0.7140000000000001
2024-25,EXPORT,PRODUCT,SKO,DECEMBER,1.825
2024-25,EXPORT,PRODUCT,SKO,JANUARY,0.99194
2024-25,EXPORT,PRODUCT,SKO,FEBRUARY,0.60868
2024-25,EXPORT,PRODUCT,SKO,MARCH,1.2579500000000001
2024-25,EXPORT,PRODUCT,SKO,TOTAL,11.961593
2024-25,EXPORT,PRODUCT,HSD,APRIL,1998.7802559256
2024-25,EXPORT,PRODUCT,HSD,MAY,2140.1725011157
2024-25,EXPORT,PRODUCT,HSD,JUNE,1944.1017009421003
2024-25,EXPORT,PRODUCT,HSD,JULY,2081.6384547273
2024-25,EXPORT,PRODUCT,HSD,AUGUST,2098.7548299917
2024-25,EXPORT,PRODUCT,HSD,SEPTEMBER,2693.5529302893
2024-25,EXPORT,PRODUCT,HSD,OCTOBER,2349.0849475289
2024-25,EXPORT,PRODUCT,HSD,NOVEMBER,2288.8641566197994
2024-25,EXPORT,PRODUCT,HSD,DECEMBER,2489.0099968429995
2024-25,EXPORT,PRODUCT,HSD,JANUARY,2788.7335622562005
2024-25,EXPORT,PRODUCT,HSD,FEBRUARY,2329.1345503471002
2024-25,EXPORT,PRODUCT,HSD,MARCH,2825.4332694050004
2024-25,EXPORT,PRODUCT,HSD,TOTAL,28027.261155991702
2024-25,EXPORT,PRODUCT,LDO,APRIL,0.0
2024-25,EXPORT,PRODUCT,LDO,MAY,0.0
2024-25,EXPORT,PRODUCT,LDO,JUNE,0.0
2024-25,EXPORT,PRODUCT,LDO,JULY,0.0
2024-25,EXPORT,PRODUCT,LDO,AUGUST,0.0
2024-25,EXPORT,PRODUCT,LDO,SEPTEMBER,0.0
2024-25,EXPORT,PRODUCT,LDO,OCTOBER,0.0
2024-25,EXPORT,PRODUCT,LDO,NOVEMBER,0.0
2024-25,EXPORT,PRODUCT,LDO,DECEMBER,0.0
2024-25,EXPORT,PRODUCT,LDO,JANUARY,0.0
2024-25,EXPORT,PRODUCT,LDO,FEBRUARY,0.0
2024-25,EXPORT,PRODUCT,LDO,MARCH,0.0
2024-25,EXPORT,PRODUCT,LDO,TOTAL,0.0
2024-25,EXPORT,PRODUCT,LOBS/Lube Oil,APRIL,0.49905337800000005
2024-25,EXPORT,PRODUCT,LOBS/Lube Oil,MAY,1.9341423777000002
2024-25,EXPORT,PRODUCT,LOBS/Lube Oil,JUNE,1.1336651089
2024-25,EXPORT,PRODUCT,LOBS/Lube Oil,JULY,1.9608401536000002
2024-25,EXPORT,PRODUCT,LOBS/Lube Oil,AUGUST,1.4249057252
2024-25,EXPORT,PRODUCT,LOBS/Lube Oil,SEPTEMBER,1.6660547129999999
2024-25,EXPORT,PRODUCT,LOBS/Lube Oil,OCTOBER,1.3718778068000002
2024-25,EXPORT,PRODUCT,LOBS/Lube Oil,NOVEMBER,0.8867216517
2024-25,EXPORT,PRODUCT,LOBS/Lube Oil,DECEMBER,1.7792141572000002
2024-25,EXPORT,PRODUCT,LOBS/Lube Oil,JANUARY,0.7241418503999999
2024-25,EXPORT,PRODUCT,LOBS/Lube Oil,FEBRUARY,1.4125726975000001
2024-25,EXPORT,PRODUCT,LOBS/Lube Oil,MARCH,2.2563683751
2024-25,EXPORT,PRODUCT,LOBS/Lube Oil,TOTAL,17.049557995100002
2024-25,EXPORT,PRODUCT,Fuel Oil,APRIL,123.66629499999999
2024-25,EXPORT,PRODUCT,Fuel Oil,MAY,139.903724
2024-25,EXPORT,PRODUCT,Fuel Oil,JUNE,132.709086
2024-25,EXPORT,PRODUCT,Fuel Oil,JULY,276.78033800000003
2024-25,EXPORT,PRODUCT,Fuel Oil,AUGUST,291.608119
2024-25,EXPORT,PRODUCT,Fuel Oil,SEPTEMBER,374.79408
2024-25,EXPORT,PRODUCT,Fuel Oil,OCTOBER,201.612821
2024-25,EXPORT,PRODUCT,Fuel Oil,NOVEMBER,175.966985
2024-25,EXPORT,PRODUCT,Fuel Oil,DECEMBER,191.354197
2024-25,EXPORT,PRODUCT,Fuel Oil,JANUARY,142.812299
2024-25,EXPORT,PRODUCT,Fuel Oil,FEBRUARY,139.0722
2024-25,EXPORT,PRODUCT,Fuel Oil,MARCH,222.899206
2024-25,EXPORT,PRODUCT,Fuel Oil,TOTAL,2413.1793500000003
2024-25,EXPORT,PRODUCT,Bitumen,APRIL,3.402
2024-25,EXPORT,PRODUCT,Bitumen,MAY,1.813134
2024-25,EXPORT,PRODUCT,Bitumen,JUNE,1.3900000000000001
2024-25,EXPORT,PRODUCT,Bitumen,JULY,2.108
2024-25,EXPORT,PRODUCT,Bitumen,AUGUST,0.984
2024-25,EXPORT,PRODUCT,Bitumen,SEPTEMBER,3.3180000000000005
2024-25,EXPORT,PRODUCT,Bitumen,OCTOBER,0.855
2024-25,EXPORT,PRODUCT,Bitumen,NOVEMBER,1.26
2024-25,EXPORT,PRODUCT,Bitumen,DECEMBER,1.276
2024-25,EXPORT,PRODUCT,Bitumen,JANUARY,0.6156900000000001
2024-25,EXPORT,PRODUCT,Bitumen,FEBRUARY,1.40372
2024-25,EXPORT,PRODUCT,Bitumen,MARCH,4.64226
2024-25,EXPORT,PRODUCT,Bitumen,TOTAL,23.067804000000002
2024-25,EXPORT,PRODUCT,Petcoke/CBFS,APRIL,71.961375
2024-25,EXPORT,PRODUCT,Petcoke/CBFS,MAY,72.66269500000001
2024-25,EXPORT,PRODUCT,Petcoke/CBFS,JUNE,122.821215
2024-25,EXPORT,PRODUCT,Petcoke/CBFS,JULY,104.15999
2024-25,EXPORT,PRODUCT,Petcoke/CBFS,AUGUST,55.88532
2024-25,EXPORT,PRODUCT,Petcoke/CBFS,SEPTEMBER,167.689547
2024-25,EXPORT,PRODUCT,Petcoke/CBFS,OCTOBER,18.100569
2024-25,EXPORT,PRODUCT,Petcoke/CBFS,NOVEMBER,41.912125
2024-25,EXPORT,PRODUCT,Petcoke/CBFS,DECEMBER,1.84
2024-25,EXPORT,PRODUCT,Petcoke/CBFS,JANUARY,2.82897
2024-25,EXPORT,PRODUCT,Petcoke/CBFS,FEBRUARY,4.50554
2024-25,EXPORT,PRODUCT,Petcoke/CBFS,MARCH,27.925854
2024-25,EXPORT,PRODUCT,Petcoke/CBFS,TOTAL,692.2932
2024-25,EXPORT,PRODUCT,Others,APRIL,250.425138
2024-25,EXPORT,PRODUCT,Others,MAY,330.22650181899996
2024-25,EXPORT,PRODUCT,Others,JUNE,363.117286
2024-25,EXPORT,PRODUCT,Others,JULY,370.683926
2024-25,EXPORT,PRODUCT,Others,AUGUST,309.15776800000003
2024-25,EXPORT,PRODUCT,Others,SEPTEMBER,617.7883823
2024-25,EXPORT,PRODUCT,Others,OCTOBER,325.689875
2024-25,EXPORT,PRODUCT,Others,NOVEMBER,369.5944799999999
2024-25,EXPORT,PRODUCT,Others,DECEMBER,277.503376
2024-25,EXPORT,PRODUCT,Others,JANUARY,153.700454
2024-25,EXPORT,PRODUCT,Others,FEBRUARY,216.23072415000001
2024-25,EXPORT,PRODUCT,Others,MARCH,202.14120099999997
2024-25,EXPORT,PRODUCT,Others,TOTAL,3786.2591122689996
2024-25,EXPORT,SUMMARY,TOTAL PRODUCT EXPORT,APRIL,4754.062314760699
2024-25,EXPORT,SUMMARY,TOTAL PRODUCT EXPORT,MAY,5255.9665790757
2024-25,EXPORT,SUMMARY,TOTAL PRODUCT EXPORT,JUNE,4976.8389906428
2024-25,EXPORT,SUMMARY,TOTAL PRODUCT EXPORT,JULY,5124.5638347774
2024-25,EXPORT,SUMMARY,TOTAL PRODUCT EXPORT,AUGUST,5093.9496573165015
2024-25,EXPORT,SUMMARY,TOTAL PRODUCT EXPORT,SEPTEMBER,6485.270651303001
2024-25,EXPORT,SUMMARY,TOTAL PRODUCT EXPORT,OCTOBER,5053.246738777899
2024-25,EXPORT,SUMMARY,TOTAL PRODUCT EXPORT,NOVEMBER,5341.893240058199
2024-25,EXPORT,SUMMARY,TOTAL PRODUCT EXPORT,DECEMBER,5749.734375244699
2024-25,EXPORT,SUMMARY,TOTAL PRODUCT EXPORT,JANUARY,5471.314247726
2024-25,EXPORT,SUMMARY,TOTAL PRODUCT EXPORT,FEBRUARY,5627.2810050791
2024-25,EXPORT,SUMMARY,TOTAL PRODUCT EXPORT,MARCH,6141.5685280622
2024-25,EXPORT,SUMMARY,TOTAL PRODUCT EXPORT,TOTAL,65075.690162824205
2024-25,EXPORT,SUMMARY,NET IMPORT,APRIL,20883.4337870813
2024-25,EXPORT,SUMMARY,NET IMPORT,MAY,21027.364538209302
2024-25,EXPORT,SUMMARY,NET IMPORT,JUNE,17455.059626809205
2024-25,EXPORT,SUMMARY,NET IMPORT,JULY,19215.6224590936
2024-25,EXPORT,SUMMARY,NET IMPORT,AUGUST,19288.007101954496
2024-25,EXPORT,SUMMARY,NET IMPORT,SEPTEMBER,15942.348717954004
2024-25,EXPORT,SUMMARY,NET IMPORT,OCTOBER,19563.1313185071
2024-25,EXPORT,SUMMARY,NET IMPORT,NOVEMBER,18255.301629292804
2024-25,EXPORT,SUMMARY,NET IMPORT,DECEMBER,18692.3054478373
2024-25,EXPORT,SUMMARY,NET IMPORT,JANUARY,20194.049417113998
2024-25,EXPORT,SUMMARY,NET IMPORT,FEBRUARY,17792.334375927898
2024-25,EXPORT,SUMMARY,NET IMPORT,MARCH,20743.340571443798
2024-25,EXPORT,SUMMARY,NET IMPORT,TOTAL,229052.29899122482
2025-26,IMPORT,CRUDE OIL,Crude Oil,APRIL,20985.627082782
2025-26,IMPORT,CRUDE OIL,Crude Oil,MAY,21328.553933962
2025-26,IMPORT,CRUDE OIL,Crude Oil,JUNE,20314.346382346997
2025-26,IMPORT,CRUDE OIL,Crude Oil,JULY,18888.643173999997
2025-26,IMPORT,CRUDE OIL,Crude Oil,AUGUST,19603.420696721005
2025-26,IMPORT,CRUDE OIL,Crude Oil,SEPTEMBER,20207.811892496
2025-26,IMPORT,CRUDE OIL,Crude Oil,OCTOBER,21005.459758834004
2025-26,IMPORT,CRUDE OIL,Crude Oil,NOVEMBER,21235.636254446003
2025-26,IMPORT,CRUDE OIL,Crude Oil,DECEMBER,21588.144184462995
2025-26,IMPORT,CRUDE OIL,Crude Oil,JANUARY,21094.1063994
2025-26,IMPORT,CRUDE OIL,Crude Oil,FEBRUARY,20127.793672023
2025-26,IMPORT,CRUDE OIL,Crude Oil,MARCH,19389.130211458003
2025-26,IMPORT,CRUDE OIL,Crude Oil,TOTAL,245768.67364293197
2025-26,IMPORT,PRODUCT,LPG,APRIL,1605.943786
2025-26,IMPORT,PRODUCT,LPG,MAY,1685.0908040000002
2025-26,IMPORT,PRODUCT,LPG,JUNE,1887.6876690000001
2025-26,IMPORT,PRODUCT,LPG,JULY,1900.1774010000001
2025-26,IMPORT,PRODUCT,LPG,AUGUST,1932.0590639999998
2025-26,IMPORT,PRODUCT,LPG,SEPTEMBER,1849.000778
2025-26,IMPORT,PRODUCT,LPG,OCTOBER,1916.7470330000003
2025-26,IMPORT,PRODUCT,LPG,NOVEMBER,1816.3085260000003
2025-26,IMPORT,PRODUCT,LPG,DECEMBER,1995.9950119999999
2025-26,IMPORT,PRODUCT,LPG,JANUARY,2171.7284850000005
2025-26,IMPORT,PRODUCT,LPG,FEBRUARY,1700.378999
2025-26,IMPORT,PRODUCT,LPG,MARCH,806.7890030000001
2025-26,IMPORT,PRODUCT,LPG,TOTAL,21267.906560000003
2025-26,IMPORT,PRODUCT,MS,APRIL,0.002438
2025-26,IMPORT,PRODUCT,MS,MAY,0.0
2025-26,IMPORT,PRODUCT,MS,JUNE,0.0
2025-26,IMPORT,PRODUCT,MS,JULY,0.0
2025-26,IMPORT,PRODUCT,MS,AUGUST,0.0
2025-26,IMPORT,PRODUCT,MS,SEPTEMBER,0.006954
2025-26,IMPORT,PRODUCT,MS,OCTOBER,0.0
2025-26,IMPORT,PRODUCT,MS,NOVEMBER,0.0
2025-26,IMPORT,PRODUCT,MS,DECEMBER,0.006513
2025-26,IMPORT,PRODUCT,MS,JANUARY,0.0
2025-26,IMPORT,PRODUCT,MS,FEBRUARY,0.0
2025-26,IMPORT,PRODUCT,MS,MARCH,0.001939
2025-26,IMPORT,PRODUCT,MS,TOTAL,0.017844000000000002
2025-26,IMPORT,PRODUCT,Naphtha,APRIL,203.47645100000003
2025-26,IMPORT,PRODUCT,Naphtha,MAY,118.521996
2025-26,IMPORT,PRODUCT,Naphtha,JUNE,33.470771
2025-26,IMPORT,PRODUCT,Naphtha,JULY,60.60929
2025-26,IMPORT,PRODUCT,Naphtha,AUGUST,41.485909
2025-26,IMPORT,PRODUCT,Naphtha,SEPTEMBER,108.62316399999999
2025-26,IMPORT,PRODUCT,Naphtha,OCTOBER,113.554079
2025-26,IMPORT,PRODUCT,Naphtha,NOVEMBER,143.948875
2025-26,IMPORT,PRODUCT,Naphtha,DECEMBER,8.133498
2025-26,IMPORT,PRODUCT,Naphtha,JANUARY,115.10579899999999
2025-26,IMPORT,PRODUCT,Naphtha,FEBRUARY,69.959677
2025-26,IMPORT,PRODUCT,Naphtha,MARCH,121.05007400000001
2025-26,IMPORT,PRODUCT,Naphtha,TOTAL,1137.939583
2025-26,IMPORT,PRODUCT,ATF,APRIL,0.0
2025-26,IMPORT,PRODUCT,ATF,MAY,3e-06
2025-26,IMPORT,PRODUCT,ATF,JUNE,0.000132
2025-26,IMPORT,PRODUCT,ATF,JULY,0.0
2025-26,IMPORT,PRODUCT,ATF,AUGUST,0.0
2025-26,IMPORT,PRODUCT,ATF,SEPTEMBER,0.0
2025-26,IMPORT,PRODUCT,ATF,OCTOBER,0.0
2025-26,IMPORT,PRODUCT,ATF,NOVEMBER,0.0
2025-26,IMPORT,PRODUCT,ATF,DECEMBER,0.005427
2025-26,IMPORT,PRODUCT,ATF,JANUARY,0.005064
2025-26,IMPORT,PRODUCT,ATF,FEBRUARY,0.006351
2025-26,IMPORT,PRODUCT,ATF,MARCH,0.257787
2025-26,IMPORT,PRODUCT,ATF,TOTAL,0.274764
2025-26,IMPORT,PRODUCT,SKO,APRIL,0.0
2025-26,IMPORT,PRODUCT,SKO,MAY,0.0
2025-26,IMPORT,PRODUCT,SKO,JUNE,0.0
2025-26,IMPORT,PRODUCT,SKO,JULY,0.0
2025-26,IMPORT,PRODUCT,SKO,AUGUST,0.0
2025-26,IMPORT,PRODUCT,SKO,SEPTEMBER,0.0
2025-26,IMPORT,PRODUCT,SKO,OCTOBER,0.0
2025-26,IMPORT,PRODUCT,SKO,NOVEMBER,0.0
2025-26,IMPORT,PRODUCT,SKO,DECEMBER,0.0
2025-26,IMPORT,PRODUCT,SKO,JANUARY,0.0
2025-26,IMPORT,PRODUCT,SKO,FEBRUARY,0.0
2025-26,IMPORT,PRODUCT,SKO,MARCH,0.0
2025-26,IMPORT,PRODUCT,SKO,TOTAL,0.0
2025-26,IMPORT,PRODUCT,HSD,APRIL,1.14648
2025-26,IMPORT,PRODUCT,HSD,MAY,2.16207
2025-26,IMPORT,PRODUCT,HSD,JUNE,2.168575
2025-26,IMPORT,PRODUCT,HSD,JULY,0.6646799999999999
2025-26,IMPORT,PRODUCT,HSD,AUGUST,3.582064
2025-26,IMPORT,PRODUCT,HSD,SEPTEMBER,1.653149
2025-26,IMPORT,PRODUCT,HSD,OCTOBER,4.263485
2025-26,IMPORT,PRODUCT,HSD,NOVEMBER,7.6784740000000005
2025-26,IMPORT,PRODUCT,HSD,DECEMBER,2.441836
2025-26,IMPORT,PRODUCT,HSD,JANUARY,3.2242390000000003
2025-26,IMPORT,PRODUCT,HSD,FEBRUARY,6.770042
2025-26,IMPORT,PRODUCT,HSD,MARCH,2.194898
2025-26,IMPORT,PRODUCT,HSD,TOTAL,37.949992
2025-26,IMPORT,PRODUCT,LOBS/Lube Oil,APRIL,296.122715
2025-26,IMPORT,PRODUCT,LOBS/Lube Oil,MAY,242.512612
2025-26,IMPORT,PRODUCT,LOBS/Lube Oil,JUNE,259.126003
2025-26,IMPORT,PRODUCT,LOBS/Lube Oil,JULY,261.336807
2025-26,IMPORT,PRODUCT,LOBS/Lube Oil,AUGUST,242.91258899999997
2025-26,IMPORT,PRODUCT,LOBS/Lube Oil,SEPTEMBER,297.55432200000007
2025-26,IMPORT,PRODUCT,LOBS/Lube Oil,OCTOBER,288.402777
2025-26,IMPORT,PRODUCT,LOBS/Lube Oil,NOVEMBER,241.961371
2025-26,IMPORT,PRODUCT,LOBS/Lube Oil,DECEMBER,291.742023
2025-26,IMPORT,PRODUCT,LOBS/Lube Oil,JANUARY,212.457973
2025-26,IMPORT,PRODUCT,LOBS/Lube Oil,FEBRUARY,281.296098
2025-26,IMPORT,PRODUCT,LOBS/Lube Oil,MARCH,261.92954599999996
2025-26,IMPORT,PRODUCT,LOBS/Lube Oil,TOTAL,3177.3548359999995
2025-26,IMPORT,PRODUCT,Fuel Oil,APRIL,296.90105500000004
2025-26,IMPORT,PRODUCT,Fuel Oil,MAY,505.48975800000005
2025-26,IMPORT,PRODUCT,Fuel Oil,JUNE,536.396723
2025-26,IMPORT,PRODUCT,Fuel Oil,JULY,525.463654
2025-26,IMPORT,PRODUCT,Fuel Oil,AUGUST,364.62041999999997
2025-26,IMPORT,PRODUCT,Fuel Oil,SEPTEMBER,693.9787539999999
2025-26,IMPORT,PRODUCT,Fuel Oil,OCTOBER,622.2161290000001
2025-26,IMPORT,PRODUCT,Fuel Oil,NOVEMBER,469.54683300000005
2025-26,IMPORT,PRODUCT,Fuel Oil,DECEMBER,164.981452
2025-26,IMPORT,PRODUCT,Fuel Oil,JANUARY,492.025416
2025-26,IMPORT,PRODUCT,Fuel Oil,FEBRUARY,318.59571000000005
2025-26,IMPORT,PRODUCT,Fuel Oil,MARCH,415.76447099999996
2025-26,IMPORT,PRODUCT,Fuel Oil,TOTAL,5405.980375000001
2025-26,IMPORT,PRODUCT,Bitumen,APRIL,297.298251
2025-26,IMPORT,PRODUCT,Bitumen,MAY,289.941327
2025-26,IMPORT,PRODUCT,Bitumen,JUNE,248.94314599999998
2025-26,IMPORT,PRODUCT,Bitumen,JULY,198.84168
2025-26,IMPORT,PRODUCT,Bitumen,AUGUST,186.51687099999998
2025-26,IMPORT,PRODUCT,Bitumen,SEPTEMBER,193.542359
2025-26,IMPORT,PRODUCT,Bitumen,OCTOBER,194.144024
2025-26,IMPORT,PRODUCT,Bitumen,NOVEMBER,214.760241
2025-26,IMPORT,PRODUCT,Bitumen,DECEMBER,212.513548
2025-26,IMPORT,PRODUCT,Bitumen,JANUARY,269.092202
2025-26,IMPORT,PRODUCT,Bitumen,FEBRUARY,234.62181799999996
2025-26,IMPORT,PRODUCT,Bitumen,MARCH,110.842543
2025-26,IMPORT,PRODUCT,Bitumen,TOTAL,2651.0580099999997
2025-26,IMPORT,PRODUCT,Petcoke,APRIL,955.63193
2025-26,IMPORT,PRODUCT,Petcoke,MAY,1073.2790819999998
2025-26,IMPORT,PRODUCT,Petcoke,JUNE,773.016031
2025-26,IMPORT,PRODUCT,Petcoke,JULY,1013.471391
2025-26,IMPORT,PRODUCT,Petcoke,AUGUST,1602.5805370000003
2025-26,IMPORT,PRODUCT,Petcoke,SEPTEMBER,949.481046
2025-26,IMPORT,PRODUCT,Petcoke,OCTOBER,905.733932
2025-26,IMPORT,PRODUCT,Petcoke,NOVEMBER,665.920586
2025-26,IMPORT,PRODUCT,Petcoke,DECEMBER,973.309626
2025-26,IMPORT,PRODUCT,Petcoke,JANUARY,608.910605
2025-26,IMPORT,PRODUCT,Petcoke,FEBRUARY,188.917032
2025-26,IMPORT,PRODUCT,Petcoke,MARCH,303.077883
2025-26,IMPORT,PRODUCT,Petcoke,TOTAL,10013.329681
2025-26,IMPORT,PRODUCT,Others,APRIL,272.74712300000004
2025-26,IMPORT,PRODUCT,Others,MAY,273.65828300000004
2025-26,IMPORT,PRODUCT,Others,JUNE,321.73980199999994
2025-26,IMPORT,PRODUCT,Others,JULY,302.588098
2025-26,IMPORT,PRODUCT,Others,AUGUST,158.30841999999998
2025-26,IMPORT,PRODUCT,Others,SEPTEMBER,254.101964
2025-26,IMPORT,PRODUCT,Others,OCTOBER,81.901349
2025-26,IMPORT,PRODUCT,Others,NOVEMBER,199.72364
2025-26,IMPORT,PRODUCT,Others,DECEMBER,165.52488899999997
2025-26,IMPORT,PRODUCT,Others,JANUARY,148.91038700000001
2025-26,IMPORT,PRODUCT,Others,FEBRUARY,144.82726199999996
2025-26,IMPORT,PRODUCT,Others,MARCH,177.201505
2025-26,IMPORT,PRODUCT,Others,TOTAL,2501.2327219999997
2025-26,IMPORT,SUMMARY,PRODUCT IMPORT,APRIL,3929.270229
2025-26,IMPORT,SUMMARY,PRODUCT IMPORT,MAY,4190.655935
2025-26,IMPORT,SUMMARY,PRODUCT IMPORT,JUNE,4062.548852
2025-26,IMPORT,SUMMARY,PRODUCT IMPORT,JULY,4263.153001000001
2025-26,IMPORT,SUMMARY,PRODUCT IMPORT,AUGUST,4532.065874000001
2025-26,IMPORT,SUMMARY,PRODUCT IMPORT,SEPTEMBER,4347.94249
2025-26,IMPORT,SUMMARY,PRODUCT IMPORT,OCTOBER,4126.962808
2025-26,IMPORT,SUMMARY,PRODUCT IMPORT,NOVEMBER,3759.848546
2025-26,IMPORT,SUMMARY,PRODUCT IMPORT,DECEMBER,3814.6538239999995
2025-26,IMPORT,SUMMARY,PRODUCT IMPORT,JANUARY,4021.4601700000003
2025-26,IMPORT,SUMMARY,PRODUCT IMPORT,FEBRUARY,2945.372989
2025-26,IMPORT,SUMMARY,PRODUCT IMPORT,MARCH,2199.109649
2025-26,IMPORT,SUMMARY,PRODUCT IMPORT,TOTAL,46193.04436700001
2025-26,IMPORT,SUMMARY,TOTAL IMPORT,APRIL,24914.897311782002
2025-26,IMPORT,SUMMARY,TOTAL IMPORT,MAY,25519.209868962
2025-26,IMPORT,SUMMARY,TOTAL IMPORT,JUNE,24376.895234346997
2025-26,IMPORT,SUMMARY,TOTAL IMPORT,JULY,23151.796174999996
2025-26,IMPORT,SUMMARY,TOTAL IMPORT,AUGUST,24135.486570721005
2025-26,IMPORT,SUMMARY,TOTAL IMPORT,SEPTEMBER,24555.754382496
2025-26,IMPORT,SUMMARY,TOTAL IMPORT,OCTOBER,25132.422566834004
2025-26,IMPORT,SUMMARY,TOTAL IMPORT,NOVEMBER,24995.484800446004
2025-26,IMPORT,SUMMARY,TOTAL IMPORT,DECEMBER,25402.798008462996
2025-26,IMPORT,SUMMARY,TOTAL IMPORT,JANUARY,25115.566569399998
2025-26,IMPORT,SUMMARY,TOTAL IMPORT,FEBRUARY,23073.166661023
2025-26,IMPORT,SUMMARY,TOTAL IMPORT,MARCH,21588.239860458
2025-26,IMPORT,SUMMARY,TOTAL IMPORT,TOTAL,291961.71800993197
2025-26,EXPORT,PRODUCT,LPG,APRIL,46.2777
2025-26,EXPORT,PRODUCT,LPG,MAY,52.01649
2025-26,EXPORT,PRODUCT,LPG,JUNE,46.72399
2025-26,EXPORT,PRODUCT,LPG,JULY,46.596419999999995
2025-26,EXPORT,PRODUCT,LPG,AUGUST,43.402950000000004
2025-26,EXPORT,PRODUCT,LPG,SEPTEMBER,48.18697
2025-26,EXPORT,PRODUCT,LPG,OCTOBER,42.54084999999999
2025-26,EXPORT,PRODUCT,LPG,NOVEMBER,48.02066
2025-26,EXPORT,PRODUCT,LPG,DECEMBER,49.39437
2025-26,EXPORT,PRODUCT,LPG,JANUARY,48.171139999999994
2025-26,EXPORT,PRODUCT,LPG,FEBRUARY,50.28822
2025-26,EXPORT,PRODUCT,LPG,MARCH,44.678169999999994
2025-26,EXPORT,PRODUCT,LPG,TOTAL,566.29793
2025-26,EXPORT,PRODUCT,MS,APRIL,1222.2663347710002
2025-26,EXPORT,PRODUCT,MS,MAY,1452.4913891349997
2025-26,EXPORT,PRODUCT,MS,JUNE,1269.6830790371
2025-26,EXPORT,PRODUCT,MS,JULY,1197.0777237019001
2025-26,EXPORT,PRODUCT,MS,AUGUST,1524.6607873221
2025-26,EXPORT,PRODUCT,MS,SEPTEMBER,1569.3631279496321
2025-26,EXPORT,PRODUCT,MS,OCTOBER,1372.4572489767554
2025-26,EXPORT,PRODUCT,MS,NOVEMBER,1523.731573435579
2025-26,EXPORT,PRODUCT,MS,DECEMBER,1550.2355936368815
2025-26,EXPORT,PRODUCT,MS,JANUARY,1405.7690401549257
2025-26,EXPORT,PRODUCT,MS,FEBRUARY,1386.617751869199
2025-26,EXPORT,PRODUCT,MS,MARCH,1191.2466181391637
2025-26,EXPORT,PRODUCT,MS,TOTAL,16665.600268129238
2025-26,EXPORT,PRODUCT,Naphtha,APRIL,574.6682109999999
2025-26,EXPORT,PRODUCT,Naphtha,MAY,718.277193
2025-26,EXPORT,PRODUCT,Naphtha,JUNE,676.16729
2025-26,EXPORT,PRODUCT,Naphtha,JULY,603.6451360000001
2025-26,EXPORT,PRODUCT,Naphtha,AUGUST,581.581575
2025-26,EXPORT,PRODUCT,Naphtha,SEPTEMBER,447.607666
2025-26,EXPORT,PRODUCT,Naphtha,OCTOBER,281.49147300000004
2025-26,EXPORT,PRODUCT,Naphtha,NOVEMBER,506.781913
2025-26,EXPORT,PRODUCT,Naphtha,DECEMBER,385.492396
2025-26,EXPORT,PRODUCT,Naphtha,JANUARY,303.62268800000004
2025-26,EXPORT,PRODUCT,Naphtha,FEBRUARY,532.728667
2025-26,EXPORT,PRODUCT,Naphtha,MARCH,353.653935
2025-26,EXPORT,PRODUCT,Naphtha,TOTAL,5965.718143000001
2025-26,EXPORT,PRODUCT,ATF,APRIL,486.71799
2025-26,EXPORT,PRODUCT,ATF,MAY,752.080976
2025-26,EXPORT,PRODUCT,ATF,JUNE,675.273338
2025-26,EXPORT,PRODUCT,ATF,JULY,645.2912960000001
2025-26,EXPORT,PRODUCT,ATF,AUGUST,556.0890899999999
2025-26,EXPORT,PRODUCT,ATF,SEPTEMBER,688.670502
2025-26,EXPORT,PRODUCT,ATF,OCTOBER,506.06928600000003
2025-26,EXPORT,PRODUCT,ATF,NOVEMBER,598.83349
2025-26,EXPORT,PRODUCT,ATF,DECEMBER,628.6454580000001
2025-26,EXPORT,PRODUCT,ATF,JANUARY,499.837606
2025-26,EXPORT,PRODUCT,ATF,FEBRUARY,361.898722
2025-26,EXPORT,PRODUCT,ATF,MARCH,406.81223600000004
2025-26,EXPORT,PRODUCT,ATF,TOTAL,6806.21999
2025-26,EXPORT,PRODUCT,SKO,APRIL,1.88939
2025-26,EXPORT,PRODUCT,SKO,MAY,1.5882500000000002
2025-26,EXPORT,PRODUCT,SKO,JUNE,1.6694000000000002
2025-26,EXPORT,PRODUCT,SKO,JULY,1.57937
2025-26,EXPORT,PRODUCT,SKO,AUGUST,1.19
2025-26,EXPORT,PRODUCT,SKO,SEPTEMBER,1.28
2025-26,EXPORT,PRODUCT,SKO,OCTOBER,1.44
2025-26,EXPORT,PRODUCT,SKO,NOVEMBER,1.18
2025-26,EXPORT,PRODUCT,SKO,DECEMBER,1.1400000000000001
2025-26,EXPORT,PRODUCT,SKO,JANUARY,1.58824
2025-26,EXPORT,PRODUCT,SKO,FEBRUARY,1.4300000000000002
2025-26,EXPORT,PRODUCT,SKO,MARCH,2.81
2025-26,EXPORT,PRODUCT,SKO,TOTAL,18.78465
2025-26,EXPORT,PRODUCT,HSD,APRIL,1295.716116511
2025-26,EXPORT,PRODUCT,HSD,MAY,2347.9823904289997
2025-26,EXPORT,PRODUCT,HSD,JUNE,2245.1757438802997
2025-26,EXPORT,PRODUCT,HSD,JULY,2242.2423652564
2025-26,EXPORT,PRODUCT,HSD,AUGUST,2583.363699009
2025-26,EXPORT,PRODUCT,HSD,SEPTEMBER,3105.0890858282232
2025-26,EXPORT,PRODUCT,HSD,OCTOBER,2706.9435796946614
2025-26,EXPORT,PRODUCT,HSD,NOVEMBER,2314.017317703603
2025-26,EXPORT,PRODUCT,HSD,DECEMBER,2340.507512187603
2025-26,EXPORT,PRODUCT,HSD,JANUARY,2380.802012032645
2025-26,EXPORT,PRODUCT,HSD,FEBRUARY,1704.51807767438
2025-26,EXPORT,PRODUCT,HSD,MARCH,2051.705239885537
2025-26,EXPORT,PRODUCT,HSD,TOTAL,27318.063140092352
2025-26,EXPORT,PRODUCT,LDO,APRIL,0.0
2025-26,EXPORT,PRODUCT,LDO,MAY,0.0
2025-26,EXPORT,PRODUCT,LDO,JUNE,0.0
2025-26,EXPORT,PRODUCT,LDO,JULY,0.0
2025-26,EXPORT,PRODUCT,LDO,AUGUST,0.0
2025-26,EXPORT,PRODUCT,LDO,SEPTEMBER,0.0
2025-26,EXPORT,PRODUCT,LDO,OCTOBER,0.0
2025-26,EXPORT,PRODUCT,LDO,NOVEMBER,0.0
2025-26,EXPORT,PRODUCT,LDO,DECEMBER,0.0
2025-26,EXPORT,PRODUCT,LDO,JANUARY,0.0
2025-26,EXPORT,PRODUCT,LDO,FEBRUARY,0.0
2025-26,EXPORT,PRODUCT,LDO,MARCH,0.0
2025-26,EXPORT,PRODUCT,LDO,TOTAL,0.0
2025-26,EXPORT,PRODUCT,LOBS/Lube Oil,APRIL,0.28589338999999997
2025-26,EXPORT,PRODUCT,LOBS/Lube Oil,MAY,0.425748696
2025-26,EXPORT,PRODUCT,LOBS/Lube Oil,JUNE,0.6896862008999999
2025-26,EXPORT,PRODUCT,LOBS/Lube Oil,JULY,1.1582943999
2025-26,EXPORT,PRODUCT,LOBS/Lube Oil,AUGUST,0.7283883204999999
2025-26,EXPORT,PRODUCT,LOBS/Lube Oil,SEPTEMBER,0.8471796142226213
2025-26,EXPORT,PRODUCT,LOBS/Lube Oil,OCTOBER,0.6889822474129264
2025-26,EXPORT,PRODUCT,LOBS/Lube Oil,NOVEMBER,1.051570774154398
2025-26,EXPORT,PRODUCT,LOBS/Lube Oil,DECEMBER,0.8789267579371633
2025-26,EXPORT,PRODUCT,LOBS/Lube Oil,JANUARY,1.0667337773016157
2025-26,EXPORT,PRODUCT,LOBS/Lube Oil,FEBRUARY,1.0534913781723523
2025-26,EXPORT,PRODUCT,LOBS/Lube Oil,MARCH,2.168521577874327
2025-26,EXPORT,PRODUCT,LOBS/Lube Oil,TOTAL,11.043417134375403
2025-26,EXPORT,PRODUCT,Fuel Oil,APRIL,135.747851
2025-26,EXPORT,PRODUCT,Fuel Oil,MAY,172.068966
2025-26,EXPORT,PRODUCT,Fuel Oil,JUNE,262.39109399999995
2025-26,EXPORT,PRODUCT,Fuel Oil,JULY,174.153714
2025-26,EXPORT,PRODUCT,Fuel Oil,AUGUST,225.93646099999998
2025-26,EXPORT,PRODUCT,Fuel Oil,SEPTEMBER,196.58488899999998
2025-26,EXPORT,PRODUCT,Fuel Oil,OCTOBER,70.55582799999999
2025-26,EXPORT,PRODUCT,Fuel Oil,NOVEMBER,66.43358799999999
2025-26,EXPORT,PRODUCT,Fuel Oil,DECEMBER,193.99484200000003
2025-26,EXPORT,PRODUCT,Fuel Oil,JANUARY,98.726535
2025-26,EXPORT,PRODUCT,Fuel Oil,FEBRUARY,190.32764300000002
2025-26,EXPORT,PRODUCT,Fuel Oil,MARCH,216.93673800000002
2025-26,EXPORT,PRODUCT,Fuel Oil,TOTAL,2003.8581490000001
2025-26,EXPORT,PRODUCT,Bitumen,APRIL,1.23
2025-26,EXPORT,PRODUCT,Bitumen,MAY,4.0290300000000006
2025-26,EXPORT,PRODUCT,Bitumen,JUNE,1.9062299999999999
2025-26,EXPORT,PRODUCT,Bitumen,JULY,1.4109599999999998
2025-26,EXPORT,PRODUCT,Bitumen,AUGUST,1.72608
2025-26,EXPORT,PRODUCT,Bitumen,SEPTEMBER,1.2848600000000001
2025-26,EXPORT,PRODUCT,Bitumen,OCTOBER,0.69617
2025-26,EXPORT,PRODUCT,Bitumen,NOVEMBER,3.5386299999999995
2025-26,EXPORT,PRODUCT,Bitumen,DECEMBER,4.41808
2025-26,EXPORT,PRODUCT,Bitumen,JANUARY,1.0827499999999999
2025-26,EXPORT,PRODUCT,Bitumen,FEBRUARY,4.0105699999999995
2025-26,EXPORT,PRODUCT,Bitumen,MARCH,7.090729999999999
2025-26,EXPORT,PRODUCT,Bitumen,TOTAL,32.42409
2025-26,EXPORT,PRODUCT,Petcoke/CBFS,APRIL,45.179091
2025-26,EXPORT,PRODUCT,Petcoke/CBFS,MAY,28.326773
2025-26,EXPORT,PRODUCT,Petcoke/CBFS,JUNE,0.0
2025-26,EXPORT,PRODUCT,Petcoke/CBFS,JULY,4.4
2025-26,EXPORT,PRODUCT,Petcoke/CBFS,AUGUST,34.096961
2025-26,EXPORT,PRODUCT,Petcoke/CBFS,SEPTEMBER,0.0
2025-26,EXPORT,PRODUCT,Petcoke/CBFS,OCTOBER,0.0
2025-26,EXPORT,PRODUCT,Petcoke/CBFS,NOVEMBER,41.5
2025-26,EXPORT,PRODUCT,Petcoke/CBFS,DECEMBER,75.566778
2025-26,EXPORT,PRODUCT,Petcoke/CBFS,JANUARY,20.506379000000003
2025-26,EXPORT,PRODUCT,Petcoke/CBFS,FEBRUARY,0.0
2025-26,EXPORT,PRODUCT,Petcoke/CBFS,MARCH,11.290378
2025-26,EXPORT,PRODUCT,Petcoke/CBFS,TOTAL,260.86636
2025-26,EXPORT,PRODUCT,Others,APRIL,230.01406423999998
2025-26,EXPORT,PRODUCT,Others,MAY,100.36242299999999
2025-26,EXPORT,PRODUCT,Others,JUNE,172.71226800000002
2025-26,EXPORT,PRODUCT,Others,JULY,114.15645799999999
2025-26,EXPORT,PRODUCT,Others,AUGUST,109.65885507999998
2025-26,EXPORT,PRODUCT,Others,SEPTEMBER,124.83955399999999
2025-26,EXPORT,PRODUCT,Others,OCTOBER,131.70499099999998
2025-26,EXPORT,PRODUCT,Others,NOVEMBER,145.359911
2025-26,EXPORT,PRODUCT,Others,DECEMBER,192.605325
2025-26,EXPORT,PRODUCT,Others,JANUARY,148.316994
2025-26,EXPORT,PRODUCT,Others,FEBRUARY,125.306238
2025-26,EXPORT,PRODUCT,Others,MARCH,183.502609
2025-26,EXPORT,PRODUCT,Others,TOTAL,1778.5396903199999
2025-26,EXPORT,SUMMARY,TOTAL PRODUCT EXPORT,APRIL,4039.9926419120006
2025-26,EXPORT,SUMMARY,TOTAL PRODUCT EXPORT,MAY,5629.649629259998
2025-26,EXPORT,SUMMARY,TOTAL PRODUCT EXPORT,JUNE,5352.392119118299
2025-26,EXPORT,SUMMARY,TOTAL PRODUCT EXPORT,JULY,5031.7117373582005
2025-26,EXPORT,SUMMARY,TOTAL PRODUCT EXPORT,AUGUST,5662.4348467316
2025-26,EXPORT,SUMMARY,TOTAL PRODUCT EXPORT,SEPTEMBER,6183.753834392078
2025-26,EXPORT,SUMMARY,TOTAL PRODUCT EXPORT,OCTOBER,5114.588408918829
2025-26,EXPORT,SUMMARY,TOTAL PRODUCT EXPORT,NOVEMBER,5250.448653913336
2025-26,EXPORT,SUMMARY,TOTAL PRODUCT EXPORT,DECEMBER,5422.879281582422
2025-26,EXPORT,SUMMARY,TOTAL PRODUCT EXPORT,JANUARY,4909.490117964872
2025-26,EXPORT,SUMMARY,TOTAL PRODUCT EXPORT,FEBRUARY,4358.1793809217515
2025-26,EXPORT,SUMMARY,TOTAL PRODUCT EXPORT,MARCH,4471.895175602575
2025-26,EXPORT,SUMMARY,TOTAL PRODUCT EXPORT,TOTAL,61427.41582767597
2025-26,EXPORT,SUMMARY,NET IMPORT,APRIL,20874.90466987
2025-26,EXPORT,SUMMARY,NET IMPORT,MAY,19889.560239702
2025-26,EXPORT,SUMMARY,NET IMPORT,JUNE,19024.503115228697
2025-26,EXPORT,SUMMARY,NET IMPORT,JULY,18120.084437641795
2025-26,EXPORT,SUMMARY,NET IMPORT,AUGUST,18473.051723989403
2025-26,EXPORT,SUMMARY,NET IMPORT,SEPTEMBER,18372.000548103922
2025-26,EXPORT,SUMMARY,NET IMPORT,OCTOBER,20017.834157915175
2025-26,EXPORT,SUMMARY,NET IMPORT,NOVEMBER,19745.036146532668
2025-26,EXPORT,SUMMARY,NET IMPORT,DECEMBER,19979.918726880576
2025-26,EXPORT,SUMMARY,NET IMPORT,JANUARY,20206.076451435125
2025-26,EXPORT,SUMMARY,NET IMPORT,FEBRUARY,18714.987280101246
2025-26,EXPORT,SUMMARY,NET IMPORT,MARCH,17116.344684855427
2025-26,EXPORT,SUMMARY,NET IMPORT,TOTAL,230534.302182256
